<aetgt:getResponse xmlns:aetgt="http://schemas.active-endpoints.com/appmodules/repository/2010/10/avrepository.xsd"
                   xmlns:types1="http://schemas.active-endpoints.com/appmodules/repository/2010/10/avrepository.xsd">
   <types1:Item>
      <types1:EntryId>8rPG9VtsDaaabdv-gt-216127-2025-03-20T10:58:06.96Z::tf.xml</types1:EntryId>
      <types1:Name>Removed_Write_Staging_Bucket_DWP_Informatica_Demo_Task</types1:Name>
      <types1:MimeType>application/xml+taskflow</types1:MimeType>
      <types1:Description/>
      <types1:AppliesTo/>
      <types1:Tags/>
      <types1:VersionLabel>1.0</types1:VersionLabel>
      <types1:State>CURRENT</types1:State>
      <types1:ProcessGroup/>
      <types1:CreatedBy>jonathan.conquest</types1:CreatedBy>
      <types1:CreationDate>2025-03-20T10:58:07Z</types1:CreationDate>
      <types1:ModifiedBy>jonathan.conquest</types1:ModifiedBy>
      <types1:ModificationDate>2025-03-20T11:34:54Z</types1:ModificationDate>
      <types1:PublicationStatus>published</types1:PublicationStatus>
      <types1:PublishedBy>jonathan.conquest</types1:PublishedBy>
      <types1:PublicationDate>2025-03-20T11:34:58Z</types1:PublicationDate>
      <types1:PublishedContributionId>project:/tf.Removed_Write_Staging_Bucket_DWP_Informatica_Demo_Task/Removed_Write_Staging_Bucket_DWP_Informatica_Demo_Task.tf.xml</types1:PublishedContributionId>
      <types1:Entry>
         <taskflow xmlns="http://schemas.active-endpoints.com/appmodules/screenflow/2010/10/avosScreenflow.xsd"
                   xmlns:tfm="http://schemas.active-endpoints.com/appmodules/screenflow/2021/04/taskflowModel.xsd"
                   xmlns:list="urn:activevos:spi:list:functions"
                   displayName="Removed Write Staging Bucket DWP Informatica Demo Task"
                   name="Removed_Write_Staging_Bucket_DWP_Informatica_Demo_Task"
                   overrideAPIName="false">
            <parameterSet xmlns="http://schemas.active-endpoints.com/appmodules/screenflow/2021/04/taskflowModel.xsd"/>
            <appliesTo/>
            <description/>
            <tags/>
            <generator>Informatica Process Designer 11</generator>
            <tempFields>
               <field description="" name="IntegrationOps Task 1" type="reference">
                  <options>
                     <option hide="true" name="isAPITaskType">true</option>
                     <option name="referenceTo">$po:SNSPublishProcess</option>
                  </options>
               </field>
               <field description="" name="S3 to Redshift Mapping" type="reference">
                  <options>
                     <option name="referenceTo">$po:Staging-Date-validation-task-4h71OrvuBxuebH80nFhtkl</option>
                     <option name="failOnNotRun">false</option>
                     <option name="failOnFault">false</option>
                  </options>
               </field>
               <field description="" name="Null removal" type="reference">
                  <options>
                     <option name="referenceTo">$po:Staging-Null-Removal-Task-aHiF0kRb6bilzNefuCZV0j</option>
                     <option name="failOnNotRun">false</option>
                     <option name="failOnFault">false</option>
                  </options>
               </field>
            </tempFields>
            <notes/>
            <deployment skipIfRunning="false" suspendOnFault="false" tracingLevel="verbose">
               <rest>
                  <allowedUsers>
                     <user>jonathan.conquest</user>
                  </allowedUsers>
               </rest>
            </deployment>
            <extData>
               <nvpair name="treatEmptyStringAsNotNull">false</nvpair>
               <nvpair name="treatEmptyObjectListAsArray">false</nvpair>
            </extData>
            <flow id="a">
               <start id="b">
                  <link id="m8h9xk27" targetId="m8d5jydt"/>
               </start>
               <eventContainer id="m8d5jydt">
                  <service id="m8d5jyd5">
                     <title>S3 to Redshift Mapping</title>
                     <serviceName>ICSExecuteDataTask</serviceName>
                     <serviceGUID/>
                     <serviceInput>
                        <parameter name="Wait for Task to Complete" source="constant" updatable="true">true</parameter>
                        <parameter name="Max Wait" source="constant" updatable="true">604800</parameter>
                        <parameter name="Task Name" source="constant" updatable="true">Staging Date validation task</parameter>
                        <parameter name="GUID" source="constant" updatable="true">4h71OrvuBxuebH80nFhtkl</parameter>
                        <parameter name="Task Type" source="constant" updatable="true">MCT</parameter>
                        <parameter name="Has Inout Parameters" source="constant" updatable="true">false</parameter>
                        <parameter name="taskField" source="nested">
                           <operation source="field" to="Staging-Date-validation-task-4h71OrvuBxuebH80nFhtkl">temp.S3 to Redshift Mapping</operation>
                        </parameter>
                     </serviceInput>
                     <serviceOutput>
                        <operation source="field" to="temp.S3 to Redshift Mapping/output/Object_Name">Object Name</operation>
                        <operation source="field" to="temp.S3 to Redshift Mapping/output/Run_Id">Run Id</operation>
                        <operation source="field" to="temp.S3 to Redshift Mapping/output/Log_Id">Log Id</operation>
                        <operation source="field" to="temp.S3 to Redshift Mapping/output/Task_Id">Task Id</operation>
                        <operation source="field" to="temp.S3 to Redshift Mapping/output/Task_Status">Task Status</operation>
                        <operation source="field"
                                   to="temp.S3 to Redshift Mapping/output/Success_Source_Rows">Success Source Rows</operation>
                        <operation source="field"
                                   to="temp.S3 to Redshift Mapping/output/Failed_Source_Rows">Failed Source Rows</operation>
                        <operation source="field"
                                   to="temp.S3 to Redshift Mapping/output/Success_Target_Rows">Success Target Rows</operation>
                        <operation source="field"
                                   to="temp.S3 to Redshift Mapping/output/Failed_Target_Rows">Failed Target Rows</operation>
                        <operation source="field" to="temp.S3 to Redshift Mapping/output/Start_Time">Start Time</operation>
                        <operation source="field" to="temp.S3 to Redshift Mapping/output/End_Time">End Time</operation>
                        <operation source="field" to="temp.S3 to Redshift Mapping/output/Error_Message">Error Message</operation>
                        <operation source="field" to="temp.S3 to Redshift Mapping/output/TotalTransErrors">Total Transformation Errors</operation>
                        <operation source="field" to="temp.S3 to Redshift Mapping/output/FirstErrorCode">First Error Code</operation>
                     </serviceOutput>
                  </service>
                  <link id="m8d5jyj7" targetId="m8d5jyjs"/>
                  <events>
                     <catch faultField="temp.S3 to Redshift Mapping/fault"
                            id="m84jiwt6"
                            interrupting="true"
                            name="error">
                        <suspend/>
                     </catch>
                     <catch faultField="temp.S3 to Redshift Mapping/fault"
                            id="m84jiwt7"
                            interrupting="true"
                            name="warning"/>
                  </events>
               </eventContainer>
               <eventContainer id="m8d5jyjs">
                  <service id="m8d5jyj6">
                     <title>Null removal</title>
                     <serviceName>ICSExecuteDataTask</serviceName>
                     <serviceGUID/>
                     <serviceInput>
                        <parameter name="Wait for Task to Complete" source="constant" updatable="true">true</parameter>
                        <parameter name="Max Wait" source="constant" updatable="true">604800</parameter>
                        <parameter name="Task Name" source="constant" updatable="true">Staging Null Removal Task</parameter>
                        <parameter name="GUID" source="constant" updatable="true">aHiF0kRb6bilzNefuCZV0j</parameter>
                        <parameter name="Task Type" source="constant" updatable="true">MCT</parameter>
                        <parameter name="Has Inout Parameters" source="constant" updatable="true">false</parameter>
                        <parameter name="taskField" source="nested">
                           <operation source="field" to="Staging-Null-Removal-Task-aHiF0kRb6bilzNefuCZV0j">temp.Null removal</operation>
                        </parameter>
                     </serviceInput>
                     <serviceOutput>
                        <operation source="field" to="temp.Null removal/output/Object_Name">Object Name</operation>
                        <operation source="field" to="temp.Null removal/output/Run_Id">Run Id</operation>
                        <operation source="field" to="temp.Null removal/output/Log_Id">Log Id</operation>
                        <operation source="field" to="temp.Null removal/output/Task_Id">Task Id</operation>
                        <operation source="field" to="temp.Null removal/output/Task_Status">Task Status</operation>
                        <operation source="field" to="temp.Null removal/output/Success_Source_Rows">Success Source Rows</operation>
                        <operation source="field" to="temp.Null removal/output/Failed_Source_Rows">Failed Source Rows</operation>
                        <operation source="field" to="temp.Null removal/output/Success_Target_Rows">Success Target Rows</operation>
                        <operation source="field" to="temp.Null removal/output/Failed_Target_Rows">Failed Target Rows</operation>
                        <operation source="field" to="temp.Null removal/output/Start_Time">Start Time</operation>
                        <operation source="field" to="temp.Null removal/output/End_Time">End Time</operation>
                        <operation source="field" to="temp.Null removal/output/Error_Message">Error Message</operation>
                        <operation source="field" to="temp.Null removal/output/TotalTransErrors">Total Transformation Errors</operation>
                        <operation source="field" to="temp.Null removal/output/FirstErrorCode">First Error Code</operation>
                     </serviceOutput>
                  </service>
                  <link id="m8d5jyj8" targetId="m84jix0k"/>
                  <events>
                     <catch faultField="temp.Null removal/fault"
                            id="m8d5jyfw"
                            interrupting="true"
                            name="error">
                        <suspend/>
                     </catch>
                     <catch faultField="temp.Null removal/fault"
                            id="m8d5jyfx"
                            interrupting="true"
                            name="warning"/>
                  </events>
               </eventContainer>
               <eventContainer id="m84jix0k">
                  <service id="m84jix0f">
                     <title>IntegrationOps Task 1</title>
                     <serviceName>avTaskflowLocalCalling</serviceName>
                     <serviceGUID/>
                     <serviceInput>
                        <parameter name="GUID" source="constant" updatable="true">c5BJszSXfKnl74up4ZmQSf</parameter>
                        <parameter name="Task Type" source="constant" updatable="true">PROCESS</parameter>
                        <parameter name="Agent Name" source="constant" updatable="true"/>
                        <parameter name="Task Name" source="constant" updatable="true">SNSPublishProcess</parameter>
                        <parameter name="taskField" source="nested">
                           <operation source="field" to="SNSPublishProcess">temp.IntegrationOps Task 1</operation>
                        </parameter>
                     </serviceInput>
                     <serviceOutput/>
                  </service>
                  <link id="m84jix1e" targetId="c"/>
                  <events>
                     <catch faultField="temp.IntegrationOps Task 1/fault"
                            id="m84jix0i"
                            interrupting="true"
                            name="error"/>
                  </events>
               </eventContainer>
               <end id="c"/>
            </flow>
            <dependencies>
               <processObject xmlns="http://schemas.active-endpoints.com/appmodules/screenflow/2011/06/avosHostEnvironment.xsd"
                              displayName="SNSPublishProcess"
                              isByCopy="true"
                              name="SNSPublishProcess">
                  <description/>
                  <tags/>
                  <detail/>
               </processObject>
               <processObject xmlns="http://schemas.active-endpoints.com/appmodules/screenflow/2011/06/avosHostEnvironment.xsd"
                              displayName="Staging-Date-validation-task-4h71OrvuBxuebH80nFhtkl"
                              isByCopy="true"
                              name="Staging-Date-validation-task-4h71OrvuBxuebH80nFhtkl">
                  <description/>
                  <tags/>
                  <detail>
                     <field label="Input Parameters"
                            name="input"
                            nullable="true"
                            required="false"
                            type="reference"/>
                     <field label="TaskProperties Parameters"
                            name="taskProperties"
                            nullable="true"
                            required="false"
                            type="reference"/>
                     <field label="Output Parameters"
                            name="output"
                            nullable="true"
                            required="false"
                            type="reference"/>
                     <field label="Fault"
                            name="fault"
                            nullable="true"
                            required="false"
                            type="reference"/>
                     <field label="Max Wait (Seconds)"
                            name="Max_Wait"
                            nullable="true"
                            required="false"
                            type="int"/>
                  </detail>
               </processObject>
               <processObject xmlns="http://schemas.active-endpoints.com/appmodules/screenflow/2011/06/avosHostEnvironment.xsd"
                              displayName="Staging-Null-Removal-Task-aHiF0kRb6bilzNefuCZV0j"
                              isByCopy="true"
                              name="Staging-Null-Removal-Task-aHiF0kRb6bilzNefuCZV0j">
                  <description/>
                  <tags/>
                  <detail>
                     <field label="Input Parameters"
                            name="input"
                            nullable="true"
                            required="false"
                            type="reference"/>
                     <field label="TaskProperties Parameters"
                            name="taskProperties"
                            nullable="true"
                            required="false"
                            type="reference"/>
                     <field label="Output Parameters"
                            name="output"
                            nullable="true"
                            required="false"
                            type="reference"/>
                     <field label="Fault"
                            name="fault"
                            nullable="true"
                            required="false"
                            type="reference"/>
                     <field label="Max Wait (Seconds)"
                            name="Max_Wait"
                            nullable="true"
                            required="false"
                            type="int"/>
                  </detail>
               </processObject>
            </dependencies>
         </taskflow>
      </types1:Entry>
      <types1:GUID>3KJyxhoqjcWjXwb4ZMreq1</types1:GUID>
      <types1:DisplayName>Removed Write Staging Bucket DWP Informatica Demo Task</types1:DisplayName>
   </types1:Item>
   <types1:CurrentServerDateTime>2025-10-15T21:13:46.098Z</types1:CurrentServerDateTime>
</aetgt:getResponse>
