<aetgt:getResponse xmlns:aetgt="http://schemas.active-endpoints.com/appmodules/repository/2010/10/avrepository.xsd"
                   xmlns:types1="http://schemas.active-endpoints.com/appmodules/repository/2010/10/avrepository.xsd">
   <types1:Item>
      <types1:EntryId>Jlv58pIO3M4WwOC-gt-414725-2025-03-25T17:39:19.567Z::tf.xml</types1:EntryId>
      <types1:Name>WIP_-_Staging_Bucket_DWP_Informatica_Demo_Task</types1:Name>
      <types1:MimeType>application/xml+taskflow</types1:MimeType>
      <types1:Description/>
      <types1:AppliesTo/>
      <types1:Tags/>
      <types1:VersionLabel>1.0</types1:VersionLabel>
      <types1:State>CURRENT</types1:State>
      <types1:ProcessGroup/>
      <types1:CreatedBy>s.u.venkataraman</types1:CreatedBy>
      <types1:CreationDate>2025-03-25T17:39:20Z</types1:CreationDate>
      <types1:ModifiedBy>jonathan.conquest</types1:ModifiedBy>
      <types1:ModificationDate>2025-03-27T11:40:52Z</types1:ModificationDate>
      <types1:PublicationStatus>published</types1:PublicationStatus>
      <types1:PublishedBy>jonathan.conquest</types1:PublishedBy>
      <types1:PublicationDate>2025-03-27T13:22:18Z</types1:PublicationDate>
      <types1:PublishedContributionId>project:/tf.WIP_-_Staging_Bucket_DWP_Informatica_Demo_Task/WIP_-_Staging_Bucket_DWP_Informatica_Demo_Task.tf.xml</types1:PublishedContributionId>
      <types1:Entry>
         <taskflow xmlns="http://schemas.active-endpoints.com/appmodules/screenflow/2010/10/avosScreenflow.xsd"
                   xmlns:tfm="http://schemas.active-endpoints.com/appmodules/screenflow/2021/04/taskflowModel.xsd"
                   xmlns:list="urn:activevos:spi:list:functions"
                   displayName="WIP - Staging Bucket DWP Informatica Demo Task"
                   name="WIP_-_Staging_Bucket_DWP_Informatica_Demo_Task"
                   overrideAPIName="false">
            <parameterSet xmlns="http://schemas.active-endpoints.com/appmodules/screenflow/2021/04/taskflowModel.xsd"/>
            <appliesTo/>
            <description/>
            <tags/>
            <generator>Informatica Process Designer 11</generator>
            <tempFields>
               <field description="" name="Raw data to bronze s3" type="reference">
                  <options>
                     <option name="failOnNotRun">false</option>
                     <option name="failOnFault">false</option>
                     <option name="referenceTo">$po:Athena-to-bronze-82G7Uf1iuM4hBCkG5mqeGB</option>
                  </options>
               </field>
               <field description="" name="AWS SNS integration" type="reference">
                  <options>
                     <option hide="true" name="isAPITaskType">true</option>
                     <option name="referenceTo">$po:SNSPublishProcess</option>
                  </options>
               </field>
               <field description="" name="Date field validation" type="reference">
                  <options>
                     <option name="referenceTo">$po:New-Staging-Date-Validation-Task-aUgijDQgZDfiben6DlpK4u</option>
                     <option name="failOnNotRun">false</option>
                     <option name="failOnFault">false</option>
                  </options>
               </field>
               <field description="" name="Postcode null removal" type="reference">
                  <options>
                     <option name="referenceTo">$po:Staging-Null-Removal-Task-aHiF0kRb6bilzNefuCZV0j</option>
                     <option name="failOnNotRun">false</option>
                     <option name="failOnFault">false</option>
                  </options>
               </field>
               <field description="" name="Aggregation by Year of Birth" type="reference">
                  <options>
                     <option name="failOnNotRun">false</option>
                     <option name="failOnFault">false</option>
                     <option name="referenceTo">$po:Aggregation-by-Year-of-Birth-dqnoPNcEOoyjPyhXmqUeeV</option>
                  </options>
               </field>
               <field description="" name="S3 to Redshift" type="reference">
                  <options>
                     <option name="failOnNotRun">false</option>
                     <option name="failOnFault">false</option>
                     <option name="referenceTo">$po:Gold-to-Redshift-task-1o4RclRZTFxivcGRSDodQl</option>
                  </options>
               </field>
            </tempFields>
            <notes/>
            <deployment skipIfRunning="false" suspendOnFault="false" tracingLevel="verbose">
               <rest>
                  <allowedUsers>
                     <user>jonathan.conquest</user>
                  </allowedUsers>
               </rest>
            </deployment>
            <extData>
               <nvpair name="treatEmptyStringAsNotNull">false</nvpair>
               <nvpair name="treatEmptyObjectListAsArray">false</nvpair>
            </extData>
            <flow id="a">
               <start id="b">
                  <link id="m8d5jyqk" targetId="m84jiws0"/>
               </start>
               <eventContainer id="m84jiws0">
                  <service id="m84jiwru">
                     <title>Raw data to bronze s3</title>
                     <serviceName>DIExecuteServiceTaskDataTransferTaskImpl</serviceName>
                     <serviceGUID/>
                     <serviceInput>
                        <parameter name="Wait for Task to Complete" source="constant" updatable="true">true</parameter>
                        <parameter name="Max Wait" source="constant" updatable="true">604800</parameter>
                        <parameter name="Task Name" source="constant" updatable="true">Athena to bronze</parameter>
                        <parameter name="GUID" source="constant" updatable="true">82G7Uf1iuM4hBCkG5mqeGB</parameter>
                        <parameter name="Task Type" source="constant" updatable="true">DTT</parameter>
                        <parameter name="serviceProviderId" source="constant" updatable="true">dtt</parameter>
                        <parameter name="serviceProviderContextPath"
                                   source="constant"
                                   updatable="true">dtt/</parameter>
                        <parameter name="taskField" source="nested">
                           <operation source="field" to="Athena-to-bronze-82G7Uf1iuM4hBCkG5mqeGB">temp.Raw data to bronze s3</operation>
                        </parameter>
                     </serviceInput>
                     <serviceOutput>
                        <operation source="field" to="temp.Raw data to bronze s3/output/runId">runId</operation>
                        <operation source="field" to="temp.Raw data to bronze s3/output/status">status</operation>
                        <operation source="field" to="temp.Raw data to bronze s3/output/successRows">successRows</operation>
                        <operation source="field" to="temp.Raw data to bronze s3/output/failedRows">failedRows</operation>
                        <operation source="field" to="temp.Raw data to bronze s3/output/errorMessage">errorMessage</operation>
                     </serviceOutput>
                  </service>
                  <link id="m8d5jyim" targetId="m8d5jydt"/>
                  <events>
                     <catch faultField="temp.Raw data to bronze s3/fault"
                            id="m84jiwry"
                            interrupting="true"
                            name="error">
                        <suspend/>
                     </catch>
                     <catch faultField="temp.Raw data to bronze s3/fault"
                            id="m84jiwrz"
                            interrupting="true"
                            name="warning"/>
                  </events>
               </eventContainer>
               <eventContainer id="m8d5jydt">
                  <service id="m8d5jyd5">
                     <title>Date field validation</title>
                     <serviceName>ICSExecuteDataTask</serviceName>
                     <serviceGUID/>
                     <serviceInput>
                        <parameter name="Wait for Task to Complete" source="constant" updatable="true">true</parameter>
                        <parameter name="Max Wait" source="constant" updatable="true">604800</parameter>
                        <parameter name="Task Name" source="constant" updatable="true">New Staging Date Validation Task</parameter>
                        <parameter name="GUID" source="constant" updatable="true">aUgijDQgZDfiben6DlpK4u</parameter>
                        <parameter name="Task Type" source="constant" updatable="true">MCT</parameter>
                        <parameter name="Has Inout Parameters" source="constant" updatable="true">false</parameter>
                        <parameter name="taskField" source="nested">
                           <operation source="field"
                                      to="New-Staging-Date-Validation-Task-aUgijDQgZDfiben6DlpK4u">temp.Date field validation</operation>
                        </parameter>
                     </serviceInput>
                     <serviceOutput>
                        <operation source="field" to="temp.Date field validation/output/Object_Name">Object Name</operation>
                        <operation source="field" to="temp.Date field validation/output/Run_Id">Run Id</operation>
                        <operation source="field" to="temp.Date field validation/output/Log_Id">Log Id</operation>
                        <operation source="field" to="temp.Date field validation/output/Task_Id">Task Id</operation>
                        <operation source="field" to="temp.Date field validation/output/Task_Status">Task Status</operation>
                        <operation source="field"
                                   to="temp.Date field validation/output/Success_Source_Rows">Success Source Rows</operation>
                        <operation source="field"
                                   to="temp.Date field validation/output/Failed_Source_Rows">Failed Source Rows</operation>
                        <operation source="field"
                                   to="temp.Date field validation/output/Success_Target_Rows">Success Target Rows</operation>
                        <operation source="field"
                                   to="temp.Date field validation/output/Failed_Target_Rows">Failed Target Rows</operation>
                        <operation source="field" to="temp.Date field validation/output/Start_Time">Start Time</operation>
                        <operation source="field" to="temp.Date field validation/output/End_Time">End Time</operation>
                        <operation source="field" to="temp.Date field validation/output/Error_Message">Error Message</operation>
                        <operation source="field" to="temp.Date field validation/output/TotalTransErrors">Total Transformation Errors</operation>
                        <operation source="field" to="temp.Date field validation/output/FirstErrorCode">First Error Code</operation>
                     </serviceOutput>
                  </service>
                  <link id="m8d5jyj7" targetId="m8d5jyjs"/>
                  <events>
                     <catch faultField="temp.Date field validation/fault"
                            id="m84jiwt6"
                            interrupting="true"
                            name="error">
                        <suspend/>
                     </catch>
                     <catch faultField="temp.Date field validation/fault"
                            id="m84jiwt7"
                            interrupting="true"
                            name="warning"/>
                  </events>
               </eventContainer>
               <eventContainer id="m8d5jyjs">
                  <service id="m8d5jyj6">
                     <title>Postcode null removal</title>
                     <serviceName>ICSExecuteDataTask</serviceName>
                     <serviceGUID/>
                     <serviceInput>
                        <parameter name="Wait for Task to Complete" source="constant" updatable="true">true</parameter>
                        <parameter name="Max Wait" source="constant" updatable="true">604800</parameter>
                        <parameter name="Task Name" source="constant" updatable="true">Staging Null Removal Task</parameter>
                        <parameter name="GUID" source="constant" updatable="true">aHiF0kRb6bilzNefuCZV0j</parameter>
                        <parameter name="Task Type" source="constant" updatable="true">MCT</parameter>
                        <parameter name="Has Inout Parameters" source="constant" updatable="true">false</parameter>
                        <parameter name="taskField" source="nested">
                           <operation source="field" to="Staging-Null-Removal-Task-aHiF0kRb6bilzNefuCZV0j">temp.Postcode null removal</operation>
                        </parameter>
                     </serviceInput>
                     <serviceOutput>
                        <operation source="field" to="temp.Postcode null removal/output/Object_Name">Object Name</operation>
                        <operation source="field" to="temp.Postcode null removal/output/Run_Id">Run Id</operation>
                        <operation source="field" to="temp.Postcode null removal/output/Log_Id">Log Id</operation>
                        <operation source="field" to="temp.Postcode null removal/output/Task_Id">Task Id</operation>
                        <operation source="field" to="temp.Postcode null removal/output/Task_Status">Task Status</operation>
                        <operation source="field"
                                   to="temp.Postcode null removal/output/Success_Source_Rows">Success Source Rows</operation>
                        <operation source="field"
                                   to="temp.Postcode null removal/output/Failed_Source_Rows">Failed Source Rows</operation>
                        <operation source="field"
                                   to="temp.Postcode null removal/output/Success_Target_Rows">Success Target Rows</operation>
                        <operation source="field"
                                   to="temp.Postcode null removal/output/Failed_Target_Rows">Failed Target Rows</operation>
                        <operation source="field" to="temp.Postcode null removal/output/Start_Time">Start Time</operation>
                        <operation source="field" to="temp.Postcode null removal/output/End_Time">End Time</operation>
                        <operation source="field" to="temp.Postcode null removal/output/Error_Message">Error Message</operation>
                        <operation source="field" to="temp.Postcode null removal/output/TotalTransErrors">Total Transformation Errors</operation>
                        <operation source="field" to="temp.Postcode null removal/output/FirstErrorCode">First Error Code</operation>
                     </serviceOutput>
                  </service>
                  <link id="m8pmpa9w" targetId="m8p5tgee"/>
                  <events>
                     <catch faultField="temp.Postcode null removal/fault"
                            id="m8d5jyfw"
                            interrupting="true"
                            name="error">
                        <suspend/>
                     </catch>
                     <catch faultField="temp.Postcode null removal/fault"
                            id="m8d5jyfx"
                            interrupting="true"
                            name="warning"/>
                  </events>
               </eventContainer>
               <eventContainer id="m8p5tgee">
                  <service id="m8p5tgdq">
                     <title>Aggregation by Year of Birth</title>
                     <serviceName>ICSExecuteDataTask</serviceName>
                     <serviceGUID/>
                     <serviceInput>
                        <parameter name="Wait for Task to Complete" source="constant" updatable="true">true</parameter>
                        <parameter name="Max Wait" source="constant" updatable="true">604800</parameter>
                        <parameter name="Task Name" source="constant" updatable="true">Aggregation by Year of Birth</parameter>
                        <parameter name="GUID" source="constant" updatable="true">dqnoPNcEOoyjPyhXmqUeeV</parameter>
                        <parameter name="Task Type" source="constant" updatable="true">MCT</parameter>
                        <parameter name="Has Inout Parameters" source="constant" updatable="true">false</parameter>
                        <parameter name="taskField" source="nested">
                           <operation source="field" to="Aggregation-by-Year-of-Birth-dqnoPNcEOoyjPyhXmqUeeV">temp.Aggregation by Year of Birth</operation>
                        </parameter>
                     </serviceInput>
                     <serviceOutput>
                        <operation source="field"
                                   to="temp.Aggregation by Year of Birth/output/Object_Name">Object Name</operation>
                        <operation source="field" to="temp.Aggregation by Year of Birth/output/Run_Id">Run Id</operation>
                        <operation source="field" to="temp.Aggregation by Year of Birth/output/Log_Id">Log Id</operation>
                        <operation source="field" to="temp.Aggregation by Year of Birth/output/Task_Id">Task Id</operation>
                        <operation source="field"
                                   to="temp.Aggregation by Year of Birth/output/Task_Status">Task Status</operation>
                        <operation source="field"
                                   to="temp.Aggregation by Year of Birth/output/Success_Source_Rows">Success Source Rows</operation>
                        <operation source="field"
                                   to="temp.Aggregation by Year of Birth/output/Failed_Source_Rows">Failed Source Rows</operation>
                        <operation source="field"
                                   to="temp.Aggregation by Year of Birth/output/Success_Target_Rows">Success Target Rows</operation>
                        <operation source="field"
                                   to="temp.Aggregation by Year of Birth/output/Failed_Target_Rows">Failed Target Rows</operation>
                        <operation source="field" to="temp.Aggregation by Year of Birth/output/Start_Time">Start Time</operation>
                        <operation source="field" to="temp.Aggregation by Year of Birth/output/End_Time">End Time</operation>
                        <operation source="field"
                                   to="temp.Aggregation by Year of Birth/output/Error_Message">Error Message</operation>
                        <operation source="field"
                                   to="temp.Aggregation by Year of Birth/output/TotalTransErrors">Total Transformation Errors</operation>
                        <operation source="field"
                                   to="temp.Aggregation by Year of Birth/output/FirstErrorCode">First Error Code</operation>
                     </serviceOutput>
                  </service>
                  <link id="m8qje2d9" targetId="m8qje2de"/>
                  <events>
                     <catch faultField="temp.Aggregation by Year of Birth/fault"
                            id="m8p5tgec"
                            interrupting="true"
                            name="error">
                        <suspend/>
                     </catch>
                     <catch faultField="temp.Aggregation by Year of Birth/fault"
                            id="m8p5tged"
                            interrupting="true"
                            name="warning"/>
                  </events>
               </eventContainer>
               <eventContainer id="m8qje2de">
                  <service id="m8qje2d8">
                     <title>S3 to Redshift</title>
                     <serviceName>ICSExecuteDataTask</serviceName>
                     <serviceGUID/>
                     <serviceInput>
                        <parameter name="Wait for Task to Complete" source="constant" updatable="true">true</parameter>
                        <parameter name="Max Wait" source="constant" updatable="true">604800</parameter>
                        <parameter name="Task Name" source="constant" updatable="true">Gold to Redshift task</parameter>
                        <parameter name="GUID" source="constant" updatable="true">1o4RclRZTFxivcGRSDodQl</parameter>
                        <parameter name="Task Type" source="constant" updatable="true">MCT</parameter>
                        <parameter name="Has Inout Parameters" source="constant" updatable="true">false</parameter>
                        <parameter name="taskField" source="nested">
                           <operation source="field" to="Gold-to-Redshift-task-1o4RclRZTFxivcGRSDodQl">temp.S3 to Redshift</operation>
                        </parameter>
                     </serviceInput>
                     <serviceOutput>
                        <operation source="field" to="temp.S3 to Redshift/output/Object_Name">Object Name</operation>
                        <operation source="field" to="temp.S3 to Redshift/output/Run_Id">Run Id</operation>
                        <operation source="field" to="temp.S3 to Redshift/output/Log_Id">Log Id</operation>
                        <operation source="field" to="temp.S3 to Redshift/output/Task_Id">Task Id</operation>
                        <operation source="field" to="temp.S3 to Redshift/output/Task_Status">Task Status</operation>
                        <operation source="field" to="temp.S3 to Redshift/output/Success_Source_Rows">Success Source Rows</operation>
                        <operation source="field" to="temp.S3 to Redshift/output/Failed_Source_Rows">Failed Source Rows</operation>
                        <operation source="field" to="temp.S3 to Redshift/output/Success_Target_Rows">Success Target Rows</operation>
                        <operation source="field" to="temp.S3 to Redshift/output/Failed_Target_Rows">Failed Target Rows</operation>
                        <operation source="field" to="temp.S3 to Redshift/output/Start_Time">Start Time</operation>
                        <operation source="field" to="temp.S3 to Redshift/output/End_Time">End Time</operation>
                        <operation source="field" to="temp.S3 to Redshift/output/Error_Message">Error Message</operation>
                        <operation source="field" to="temp.S3 to Redshift/output/TotalTransErrors">Total Transformation Errors</operation>
                        <operation source="field" to="temp.S3 to Redshift/output/FirstErrorCode">First Error Code</operation>
                     </serviceOutput>
                  </service>
                  <link id="m8qje2da" targetId="m84jix0k"/>
                  <events>
                     <catch faultField="temp.S3 to Redshift/fault"
                            id="m8qje2dc"
                            interrupting="true"
                            name="error">
                        <suspend/>
                     </catch>
                     <catch faultField="temp.S3 to Redshift/fault"
                            id="m8qje2dd"
                            interrupting="true"
                            name="warning"/>
                  </events>
               </eventContainer>
               <eventContainer id="m84jix0k">
                  <service id="m84jix0f">
                     <title>AWS SNS integration</title>
                     <serviceName>avTaskflowLocalCalling</serviceName>
                     <serviceGUID/>
                     <serviceInput>
                        <parameter name="GUID" source="constant" updatable="true">c5BJszSXfKnl74up4ZmQSf</parameter>
                        <parameter name="Task Type" source="constant" updatable="true">PROCESS</parameter>
                        <parameter name="Agent Name" source="constant" updatable="true"/>
                        <parameter name="Task Name" source="constant" updatable="true">SNSPublishProcess</parameter>
                        <parameter name="taskField" source="nested">
                           <operation source="field" to="SNSPublishProcess">temp.AWS SNS integration</operation>
                        </parameter>
                     </serviceInput>
                     <serviceOutput/>
                  </service>
                  <link id="m84jix1e" targetId="c"/>
                  <events>
                     <catch faultField="temp.AWS SNS integration/fault"
                            id="m84jix0i"
                            interrupting="true"
                            name="error"/>
                  </events>
               </eventContainer>
               <end id="c"/>
            </flow>
            <dependencies>
               <processObject xmlns="http://schemas.active-endpoints.com/appmodules/screenflow/2011/06/avosHostEnvironment.xsd"
                              displayName="Athena-to-bronze-82G7Uf1iuM4hBCkG5mqeGB"
                              isByCopy="true"
                              name="Athena-to-bronze-82G7Uf1iuM4hBCkG5mqeGB">
                  <description/>
                  <tags/>
                  <detail>
                     <field label="Fault"
                            name="fault"
                            nullable="true"
                            required="false"
                            type="reference"/>
                     <field label="Max Wait (Seconds)"
                            name="Max_Wait"
                            nullable="true"
                            required="false"
                            type="int"/>
                     <field label="Output Parameters"
                            name="output"
                            nullable="true"
                            required="false"
                            type="reference"/>
                  </detail>
               </processObject>
               <processObject xmlns="http://schemas.active-endpoints.com/appmodules/screenflow/2011/06/avosHostEnvironment.xsd"
                              displayName="SNSPublishProcess"
                              isByCopy="true"
                              name="SNSPublishProcess">
                  <description/>
                  <tags/>
                  <detail/>
               </processObject>
               <processObject xmlns="http://schemas.active-endpoints.com/appmodules/screenflow/2011/06/avosHostEnvironment.xsd"
                              displayName="New-Staging-Date-Validation-Task-aUgijDQgZDfiben6DlpK4u"
                              isByCopy="true"
                              name="New-Staging-Date-Validation-Task-aUgijDQgZDfiben6DlpK4u">
                  <description/>
                  <tags/>
                  <detail>
                     <field label="Input Parameters"
                            name="input"
                            nullable="true"
                            required="false"
                            type="reference"/>
                     <field label="TaskProperties Parameters"
                            name="taskProperties"
                            nullable="true"
                            required="false"
                            type="reference"/>
                     <field label="Output Parameters"
                            name="output"
                            nullable="true"
                            required="false"
                            type="reference"/>
                     <field label="Fault"
                            name="fault"
                            nullable="true"
                            required="false"
                            type="reference"/>
                     <field label="Max Wait (Seconds)"
                            name="Max_Wait"
                            nullable="true"
                            required="false"
                            type="int"/>
                  </detail>
               </processObject>
               <processObject xmlns="http://schemas.active-endpoints.com/appmodules/screenflow/2011/06/avosHostEnvironment.xsd"
                              displayName="Staging-Null-Removal-Task-aHiF0kRb6bilzNefuCZV0j"
                              isByCopy="true"
                              name="Staging-Null-Removal-Task-aHiF0kRb6bilzNefuCZV0j">
                  <description/>
                  <tags/>
                  <detail>
                     <field label="Input Parameters"
                            name="input"
                            nullable="true"
                            required="false"
                            type="reference"/>
                     <field label="TaskProperties Parameters"
                            name="taskProperties"
                            nullable="true"
                            required="false"
                            type="reference"/>
                     <field label="Output Parameters"
                            name="output"
                            nullable="true"
                            required="false"
                            type="reference"/>
                     <field label="Fault"
                            name="fault"
                            nullable="true"
                            required="false"
                            type="reference"/>
                     <field label="Max Wait (Seconds)"
                            name="Max_Wait"
                            nullable="true"
                            required="false"
                            type="int"/>
                  </detail>
               </processObject>
               <processObject xmlns="http://schemas.active-endpoints.com/appmodules/screenflow/2011/06/avosHostEnvironment.xsd"
                              displayName="Aggregation-by-Year-of-Birth-dqnoPNcEOoyjPyhXmqUeeV"
                              isByCopy="true"
                              name="Aggregation-by-Year-of-Birth-dqnoPNcEOoyjPyhXmqUeeV">
                  <description/>
                  <tags/>
                  <detail>
                     <field label="TaskProperties Parameters"
                            name="taskProperties"
                            nullable="true"
                            required="false"
                            type="reference"/>
                     <field label="Output Parameters"
                            name="output"
                            nullable="true"
                            required="false"
                            type="reference"/>
                     <field label="Fault"
                            name="fault"
                            nullable="true"
                            required="false"
                            type="reference"/>
                     <field label="Max Wait (Seconds)"
                            name="Max_Wait"
                            nullable="true"
                            required="false"
                            type="int"/>
                  </detail>
               </processObject>
               <processObject xmlns="http://schemas.active-endpoints.com/appmodules/screenflow/2011/06/avosHostEnvironment.xsd"
                              displayName="Gold-to-Redshift-task-1o4RclRZTFxivcGRSDodQl"
                              isByCopy="true"
                              name="Gold-to-Redshift-task-1o4RclRZTFxivcGRSDodQl">
                  <description/>
                  <tags/>
                  <detail>
                     <field label="Input Parameters"
                            name="input"
                            nullable="true"
                            required="false"
                            type="reference"/>
                     <field label="TaskProperties Parameters"
                            name="taskProperties"
                            nullable="true"
                            required="false"
                            type="reference"/>
                     <field label="Output Parameters"
                            name="output"
                            nullable="true"
                            required="false"
                            type="reference"/>
                     <field label="Fault"
                            name="fault"
                            nullable="true"
                            required="false"
                            type="reference"/>
                     <field label="Max Wait (Seconds)"
                            name="Max_Wait"
                            nullable="true"
                            required="false"
                            type="int"/>
                  </detail>
               </processObject>
            </dependencies>
         </taskflow>
      </types1:Entry>
      <types1:GUID>gLzdoh6tO08de0uthRk5AG</types1:GUID>
      <types1:DisplayName>WIP - Staging Bucket DWP Informatica Demo Task</types1:DisplayName>
   </types1:Item>
   <types1:CurrentServerDateTime>2025-10-15T21:13:46.148Z</types1:CurrentServerDateTime>
</aetgt:getResponse>
