objectPath,objectName,objectType,id
/SYS,RedshiftConn,Connection,5ACYKZfC06aixeiyXsTtO2
/SYS,DWP_demo_runtime,AgentGroup,1ZJXH3vfDNQjjMavPngUEV
/SYS,DWP_s3_demo_silver,Connection,0kmLQsvyklTd46WMQ5e76k
/Explore/DWP-Demo/Staging S3 Demo setup,Staging Null Removal Task,MTT,aHiF0kRb6bilzNefuCZV0j
/SYS,DWP_s3_demo_target,Connection,hhGxUTb40yphLMtHk97NuS
/Explore,DWP-Demo,Project,8zcE7Sr8HQDlQd2foh5dSe
/Explore/DWP-Demo/Staging S3 Demo setup,Silver to Aggregation Mapping,DTEMPLATE,6NjrupJDmyXg6zUE1mjHQt
/SYS,DWP_s3_demo_gold,Connection,2q0GvvEntK8iYLWauhxZ2h
/SYS,DWP_s3_demo_connection,Connection,24lxBLEXutYcdNP7dRP2AQ
/Explore/DWP-Demo/Staging S3 Demo setup,Staging Date validation task,MTT,4h71OrvuBxuebH80nFhtkl
/Explore/DWP-Demo/Staging S3 Demo setup,Silver to redshift task,MTT,0tCpFQ4uMOZlk83cLrpuS1
/Explore/DWP-Demo/Staging S3 Demo setup,Aggregation by Year of Birth,MTT,dqnoPNcEOoyjPyhXmqUeeV
/Explore/DWP-Demo/Staging S3 Demo setup,Source to Target mapping,DTEMPLATE,93TanOrCqu3gLJr2EawsS8
/Explore/DWP-Demo/Staging S3 Demo setup,Gold to Redshift task,MTT,1o4RclRZTFxivcGRSDodQl
/Explore/DWP-Demo/Staging S3 Demo setup,Athena to bronze,DTT,82G7Uf1iuM4hBCkG5mqeGB
/Explore/DWP-Demo/Staging S3 Demo setup,New Staging Date Validation Task,MTT,aUgijDQgZDfiben6DlpK4u
/Explore/DWP-Demo,Staging S3 Demo setup,Folder,3IUhWDZNfNhbZHnWuwNvwF
/SYS,DWP_s3_demo_midpoint,Connection,25yZaosPtpPfbyV2SSY7YZ
/Explore/DWP-Demo/Staging S3 Demo setup,Silver to Aggregation task,MTT,2eAg8b4V3NCd7GebvYc9Wf
/Explore/DWP-Demo/SQS Testing,SNSConn,AI_CONNECTION,8z369PObmbOh8f3IX9fCov
/Explore/DWP-Demo/SQS Testing,SNSPublishProcess,PROCESS,c5BJszSXfKnl74up4ZmQSf
/Explore/DWP-Demo/Staging S3 Demo setup,Staging Null Removal,DTEMPLATE,9cvn9IKNtQDkBimcqGX1E6
/Explore/DWP-Demo/Staging S3 Demo setup,WIP - Staging Bucket DWP Informatica Demo Task,TASKFLOW,gLzdoh6tO08de0uthRk5AG
/Explore/DWP-Demo/Staging S3 Demo setup,Staging Date validation mapping,DTEMPLATE,1Q2mUsy2myriRzVLPeQ2oJ
/Explore/DWP-Demo,SQS Testing,Folder,64E710y0kXGhfI6PiSzy4Z
/SYS,ip-10-1-31-27.eu-west-2.compute.internal,AgentGroup,8BGMa3BvLUxgsE7tqGTo20
/Explore/DWP-Demo/Staging S3 Demo setup,Removed Write Staging Bucket DWP Informatica Demo Task,TASKFLOW,3KJyxhoqjcWjXwb4ZMreq1
/SYS,AthenaConn,Connection,5WwhtzBG6wveSTGgtYAfak
/Explore/DWP-Demo/Staging S3 Demo setup,Staging Bucket DWP Informatica Demo Task,TASKFLOW,8ID3QCUzngGjLO1NnxZdEu