{
  "name" : "Staging S3 Demo setup-1760562790268",
  "sourceOrgId" : "aCIbdvS2Vh0gsFfAC6jT8D",
  "sourceOrgName" : "Partner_ACN_NA",
  "exportedObjects" : [ {
    "objectGuid" : "5ACYKZfC06aixeiyXsTtO2",
    "objectName" : "RedshiftConn",
    "objectType" : "Connection",
    "path" : "/SYS",
    "providerName" : null,
    "metadata" : {
      "modelVersion" : {
        "major" : 0,
        "minor" : 0
      },
      "repoInfo" : {
        "repoHandle" : "010VBZ0B000000000003"
      },
      "objectRefs" : [ "8BGMa3BvLUxgsE7tqGTo20" ],
      "contextAttributes" : [ {
        "name" : "id",
        "value" : "@1"
      } ],
      "additionalInfo" : {
        "description" : null,
        "contentType" : "JSON",
        "documentState" : "COMPLETE"
      }
    }
  }, {
    "objectGuid" : "1ZJXH3vfDNQjjMavPngUEV",
    "objectName" : "DWP_demo_runtime",
    "objectType" : "AgentGroup",
    "path" : "/SYS",
    "providerName" : null,
    "metadata" : {
      "modelVersion" : {
        "major" : 0,
        "minor" : 0
      },
      "repoInfo" : {
        "repoHandle" : "010VBZ2500000000007K"
      },
      "objectRefs" : [ ],
      "contextAttributes" : [ {
        "name" : "id",
        "value" : "@1"
      } ],
      "additionalInfo" : {
        "description" : "Secure Agent for DWP demo",
        "contentType" : "JSON",
        "documentState" : "VALID"
      }
    }
  }, {
    "objectGuid" : "0kmLQsvyklTd46WMQ5e76k",
    "objectName" : "DWP_s3_demo_silver",
    "objectType" : "Connection",
    "path" : "/SYS",
    "providerName" : null,
    "metadata" : {
      "modelVersion" : {
        "major" : 0,
        "minor" : 0
      },
      "repoInfo" : {
        "repoHandle" : "010VBZ0B00000000000D"
      },
      "objectRefs" : [ "8BGMa3BvLUxgsE7tqGTo20" ],
      "contextAttributes" : [ {
        "name" : "id",
        "value" : "@1"
      } ],
      "additionalInfo" : {
        "description" : "Silver bucket s3 connection for demo",
        "contentType" : "JSON",
        "documentState" : "COMPLETE"
      }
    }
  }, {
    "objectGuid" : "aHiF0kRb6bilzNefuCZV0j",
    "objectName" : "Staging Null Removal Task",
    "objectType" : "MTT",
    "path" : "/Explore/DWP-Demo/Staging S3 Demo setup",
    "providerName" : null,
    "metadata" : {
      "modelVersion" : {
        "major" : 0,
        "minor" : 0
      },
      "repoInfo" : {
        "repoHandle" : "010VBZ0Z00000000000E"
      },
      "objectRefs" : [ "9cvn9IKNtQDkBimcqGX1E6", "24lxBLEXutYcdNP7dRP2AQ", "0kmLQsvyklTd46WMQ5e76k", "25yZaosPtpPfbyV2SSY7YZ", "8BGMa3BvLUxgsE7tqGTo20" ],
      "contextAttributes" : [ {
        "name" : "id",
        "value" : "@1"
      } ],
      "additionalInfo" : {
        "description" : "Task for the null removal mapping ",
        "contentType" : "JSON",
        "documentState" : "VALID"
      }
    }
  }, {
    "objectGuid" : "hhGxUTb40yphLMtHk97NuS",
    "objectName" : "DWP_s3_demo_target",
    "objectType" : "Connection",
    "path" : "/SYS",
    "providerName" : null,
    "metadata" : {
      "modelVersion" : {
        "major" : 0,
        "minor" : 0
      },
      "repoInfo" : {
        "repoHandle" : "010VBZ0B000000000005"
      },
      "objectRefs" : [ "8BGMa3BvLUxgsE7tqGTo20" ],
      "contextAttributes" : [ {
        "name" : "id",
        "value" : "@1"
      } ],
      "additionalInfo" : {
        "description" : "Target s3 connection for demo",
        "contentType" : "JSON",
        "documentState" : "COMPLETE"
      }
    }
  }, {
    "objectGuid" : "8zcE7Sr8HQDlQd2foh5dSe",
    "objectName" : "DWP-Demo",
    "objectType" : "Project",
    "path" : "/Explore",
    "providerName" : null,
    "metadata" : {
      "modelVersion" : {
        "major" : 0,
        "minor" : 0
      },
      "repoInfo" : null,
      "objectRefs" : [ ],
      "contextAttributes" : [ ],
      "additionalInfo" : {
        "description" : "Project folder for Informatica Demo",
        "contentType" : "Binary",
        "documentState" : "COMPLETE"
      }
    }
  }, {
    "objectGuid" : "6NjrupJDmyXg6zUE1mjHQt",
    "objectName" : "Silver to Aggregation Mapping",
    "objectType" : "DTEMPLATE",
    "path" : "/Explore/DWP-Demo/Staging S3 Demo setup",
    "providerName" : null,
    "metadata" : {
      "modelVersion" : {
        "major" : 0,
        "minor" : 0
      },
      "repoInfo" : {
        "repoHandle" : "010VBZ1700000000000I"
      },
      "objectRefs" : [ "2q0GvvEntK8iYLWauhxZ2h", "0kmLQsvyklTd46WMQ5e76k" ],
      "contextAttributes" : [ {
        "name" : "id",
        "value" : "@1"
      } ],
      "additionalInfo" : {
        "description" : "",
        "contentType" : "JSON",
        "documentState" : "VALID"
      }
    }
  }, {
    "objectGuid" : "2q0GvvEntK8iYLWauhxZ2h",
    "objectName" : "DWP_s3_demo_gold",
    "objectType" : "Connection",
    "path" : "/SYS",
    "providerName" : null,
    "metadata" : {
      "modelVersion" : {
        "major" : 0,
        "minor" : 0
      },
      "repoInfo" : {
        "repoHandle" : "010VBZ0B00000000000E"
      },
      "objectRefs" : [ "8BGMa3BvLUxgsE7tqGTo20" ],
      "contextAttributes" : [ {
        "name" : "id",
        "value" : "@1"
      } ],
      "additionalInfo" : {
        "description" : "Silver bucket s3 connection for demo",
        "contentType" : "JSON",
        "documentState" : "COMPLETE"
      }
    }
  }, {
    "objectGuid" : "24lxBLEXutYcdNP7dRP2AQ",
    "objectName" : "DWP_s3_demo_connection",
    "objectType" : "Connection",
    "path" : "/SYS",
    "providerName" : null,
    "metadata" : {
      "modelVersion" : {
        "major" : 0,
        "minor" : 0
      },
      "repoInfo" : {
        "repoHandle" : "010VBZ0B000000000004"
      },
      "objectRefs" : [ "8BGMa3BvLUxgsE7tqGTo20" ],
      "contextAttributes" : [ {
        "name" : "id",
        "value" : "@1"
      } ],
      "additionalInfo" : {
        "description" : "Test connection to s3",
        "contentType" : "JSON",
        "documentState" : "COMPLETE"
      }
    }
  }, {
    "objectGuid" : "4h71OrvuBxuebH80nFhtkl",
    "objectName" : "Staging Date validation task",
    "objectType" : "MTT",
    "path" : "/Explore/DWP-Demo/Staging S3 Demo setup",
    "providerName" : null,
    "metadata" : {
      "modelVersion" : {
        "major" : 0,
        "minor" : 0
      },
      "repoInfo" : {
        "repoHandle" : "010VBZ0Z00000000000D"
      },
      "objectRefs" : [ "24lxBLEXutYcdNP7dRP2AQ", "1ZJXH3vfDNQjjMavPngUEV", "1Q2mUsy2myriRzVLPeQ2oJ", "hhGxUTb40yphLMtHk97NuS", "25yZaosPtpPfbyV2SSY7YZ" ],
      "contextAttributes" : [ {
        "name" : "id",
        "value" : "@1"
      } ],
      "additionalInfo" : {
        "description" : "Task for Date validation mapping",
        "contentType" : "JSON",
        "documentState" : "INVALID"
      }
    }
  }, {
    "objectGuid" : "0tCpFQ4uMOZlk83cLrpuS1",
    "objectName" : "Silver to redshift task",
    "objectType" : "MTT",
    "path" : "/Explore/DWP-Demo/Staging S3 Demo setup",
    "providerName" : null,
    "metadata" : {
      "modelVersion" : {
        "major" : 0,
        "minor" : 0
      },
      "repoInfo" : {
        "repoHandle" : "010VBZ0Z00000000000H"
      },
      "objectRefs" : [ "5ACYKZfC06aixeiyXsTtO2", "1ZJXH3vfDNQjjMavPngUEV", "0kmLQsvyklTd46WMQ5e76k", "93TanOrCqu3gLJr2EawsS8" ],
      "contextAttributes" : [ {
        "name" : "id",
        "value" : "@1"
      } ],
      "additionalInfo" : {
        "description" : "Moving data from silver s3 bucket to redshift ",
        "contentType" : "JSON",
        "documentState" : "VALID"
      }
    }
  }, {
    "objectGuid" : "dqnoPNcEOoyjPyhXmqUeeV",
    "objectName" : "Aggregation by Year of Birth",
    "objectType" : "MTT",
    "path" : "/Explore/DWP-Demo/Staging S3 Demo setup",
    "providerName" : null,
    "metadata" : {
      "modelVersion" : {
        "major" : 0,
        "minor" : 0
      },
      "repoInfo" : {
        "repoHandle" : "010VBZ0Z00000000000K"
      },
      "objectRefs" : [ "2q0GvvEntK8iYLWauhxZ2h", "0kmLQsvyklTd46WMQ5e76k", "8BGMa3BvLUxgsE7tqGTo20", "6NjrupJDmyXg6zUE1mjHQt" ],
      "contextAttributes" : [ {
        "name" : "id",
        "value" : "@1"
      } ],
      "additionalInfo" : {
        "description" : null,
        "contentType" : "JSON",
        "documentState" : "VALID"
      }
    }
  }, {
    "objectGuid" : "93TanOrCqu3gLJr2EawsS8",
    "objectName" : "Source to Target mapping",
    "objectType" : "DTEMPLATE",
    "path" : "/Explore/DWP-Demo/Staging S3 Demo setup",
    "providerName" : null,
    "metadata" : {
      "modelVersion" : {
        "major" : 0,
        "minor" : 0
      },
      "repoInfo" : {
        "repoHandle" : "010VBZ1700000000000H"
      },
      "objectRefs" : [ ],
      "contextAttributes" : [ {
        "name" : "id",
        "value" : "@1"
      } ],
      "additionalInfo" : {
        "description" : "Extracts all or a subset of data from a source and loads it to a dynamically created target.\n\nIf you create a relational target, the Mapping task inserts data into the target table the first time it runs. Subsequent runs can load data using update or upsert operations. If you create a flat file target, the Mapping task re-creates the target file each time it runs.",
        "contentType" : "JSON",
        "documentState" : "VALID"
      }
    }
  }, {
    "objectGuid" : "1o4RclRZTFxivcGRSDodQl",
    "objectName" : "Gold to Redshift task",
    "objectType" : "MTT",
    "path" : "/Explore/DWP-Demo/Staging S3 Demo setup",
    "providerName" : null,
    "metadata" : {
      "modelVersion" : {
        "major" : 0,
        "minor" : 0
      },
      "repoInfo" : {
        "repoHandle" : "010VBZ0Z00000000000L"
      },
      "objectRefs" : [ "2q0GvvEntK8iYLWauhxZ2h", "5ACYKZfC06aixeiyXsTtO2", "93TanOrCqu3gLJr2EawsS8", "8BGMa3BvLUxgsE7tqGTo20" ],
      "contextAttributes" : [ {
        "name" : "id",
        "value" : "@1"
      } ],
      "additionalInfo" : {
        "description" : "Moving data from Gold s3 bucket to redshift ",
        "contentType" : "JSON",
        "documentState" : "VALID"
      }
    }
  }, {
    "objectGuid" : "82G7Uf1iuM4hBCkG5mqeGB",
    "objectName" : "Athena to bronze",
    "objectType" : "DTT",
    "path" : "/Explore/DWP-Demo/Staging S3 Demo setup",
    "providerName" : null,
    "metadata" : {
      "modelVersion" : {
        "major" : 1,
        "minor" : 0
      },
      "repoInfo" : {
        "repoHandle" : "iSTl70Lq6uSkjUDuLSAaK7"
      },
      "objectRefs" : [ "24lxBLEXutYcdNP7dRP2AQ", "8BGMa3BvLUxgsE7tqGTo20", "5WwhtzBG6wveSTGgtYAfak" ],
      "contextAttributes" : [ ],
      "additionalInfo" : {
        "description" : "writing from crawled data in athena to bronze bucket",
        "contentType" : "application/json; charset=utf-8",
        "documentState" : "VALID"
      }
    }
  }, {
    "objectGuid" : "aUgijDQgZDfiben6DlpK4u",
    "objectName" : "New Staging Date Validation Task",
    "objectType" : "MTT",
    "path" : "/Explore/DWP-Demo/Staging S3 Demo setup",
    "providerName" : null,
    "metadata" : {
      "modelVersion" : {
        "major" : 0,
        "minor" : 0
      },
      "repoInfo" : {
        "repoHandle" : "010VBZ0Z00000000000M"
      },
      "objectRefs" : [ "24lxBLEXutYcdNP7dRP2AQ", "1Q2mUsy2myriRzVLPeQ2oJ", "hhGxUTb40yphLMtHk97NuS", "25yZaosPtpPfbyV2SSY7YZ", "8BGMa3BvLUxgsE7tqGTo20" ],
      "contextAttributes" : [ {
        "name" : "id",
        "value" : "@1"
      } ],
      "additionalInfo" : {
        "description" : "Working version\n",
        "contentType" : "JSON",
        "documentState" : "VALID"
      }
    }
  }, {
    "objectGuid" : "3IUhWDZNfNhbZHnWuwNvwF",
    "objectName" : "Staging S3 Demo setup",
    "objectType" : "Folder",
    "path" : "/Explore/DWP-Demo",
    "providerName" : null,
    "metadata" : {
      "modelVersion" : {
        "major" : 0,
        "minor" : 0
      },
      "repoInfo" : null,
      "objectRefs" : [ ],
      "contextAttributes" : [ ],
      "additionalInfo" : {
        "description" : "",
        "contentType" : "Binary",
        "documentState" : "COMPLETE"
      }
    }
  }, {
    "objectGuid" : "25yZaosPtpPfbyV2SSY7YZ",
    "objectName" : "DWP_s3_demo_midpoint",
    "objectType" : "Connection",
    "path" : "/SYS",
    "providerName" : null,
    "metadata" : {
      "modelVersion" : {
        "major" : 0,
        "minor" : 0
      },
      "repoInfo" : {
        "repoHandle" : "010VBZ0B00000000000C"
      },
      "objectRefs" : [ "8BGMa3BvLUxgsE7tqGTo20" ],
      "contextAttributes" : [ {
        "name" : "id",
        "value" : "@1"
      } ],
      "additionalInfo" : {
        "description" : "Midpoint staging s3 connection for demo",
        "contentType" : "JSON",
        "documentState" : "COMPLETE"
      }
    }
  }, {
    "objectGuid" : "2eAg8b4V3NCd7GebvYc9Wf",
    "objectName" : "Silver to Aggregation task",
    "objectType" : "MTT",
    "path" : "/Explore/DWP-Demo/Staging S3 Demo setup",
    "providerName" : null,
    "metadata" : {
      "modelVersion" : {
        "major" : 0,
        "minor" : 0
      },
      "repoInfo" : {
        "repoHandle" : "010VBZ0Z00000000000I"
      },
      "objectRefs" : [ "5ACYKZfC06aixeiyXsTtO2", "0kmLQsvyklTd46WMQ5e76k", "93TanOrCqu3gLJr2EawsS8", "8BGMa3BvLUxgsE7tqGTo20" ],
      "contextAttributes" : [ {
        "name" : "id",
        "value" : "@1"
      } ],
      "additionalInfo" : {
        "description" : "Moving data from silver s3 bucket to redshift ",
        "contentType" : "JSON",
        "documentState" : "VALID"
      }
    }
  }, {
    "objectGuid" : "8z369PObmbOh8f3IX9fCov",
    "objectName" : "SNSConn",
    "objectType" : "AI_CONNECTION",
    "path" : "/Explore/DWP-Demo/SQS Testing",
    "providerName" : null,
    "metadata" : {
      "modelVersion" : {
        "major" : 1,
        "minor" : 0
      },
      "repoInfo" : {
        "repoHandle" : "B8t8nTaaaaa-gt-13112-2025-03-10T14:58:34.435Z::conn.xml"
      },
      "objectRefs" : [ ],
      "contextAttributes" : null,
      "additionalInfo" : {
        "description" : "AWS SNS connectivity",
        "contentType" : "application/json; charset=utf-8",
        "documentState" : "VALID"
      }
    }
  }, {
    "objectGuid" : "c5BJszSXfKnl74up4ZmQSf",
    "objectName" : "SNSPublishProcess",
    "objectType" : "PROCESS",
    "path" : "/Explore/DWP-Demo/SQS Testing",
    "providerName" : null,
    "metadata" : {
      "modelVersion" : {
        "major" : 1,
        "minor" : 0
      },
      "repoInfo" : {
        "repoHandle" : "Rv1XQeK8ZAZf5kc-gt-15759-2025-03-10T15:34:20.695Z::pd.xml"
      },
      "objectRefs" : [ "8z369PObmbOh8f3IX9fCov" ],
      "contextAttributes" : null,
      "additionalInfo" : {
        "description" : "",
        "contentType" : "application/json; charset=utf-8",
        "documentState" : "VALID"
      }
    }
  }, {
    "objectGuid" : "9cvn9IKNtQDkBimcqGX1E6",
    "objectName" : "Staging Null Removal",
    "objectType" : "DTEMPLATE",
    "path" : "/Explore/DWP-Demo/Staging S3 Demo setup",
    "providerName" : null,
    "metadata" : {
      "modelVersion" : {
        "major" : 0,
        "minor" : 0
      },
      "repoInfo" : {
        "repoHandle" : "010VBZ1700000000000G"
      },
      "objectRefs" : [ ],
      "contextAttributes" : [ {
        "name" : "id",
        "value" : "@1"
      } ],
      "additionalInfo" : {
        "description" : "Checks source data for null values. Routes the valid and invalid data to different dynamically created targets.",
        "contentType" : "JSON",
        "documentState" : "VALID"
      }
    }
  }, {
    "objectGuid" : "gLzdoh6tO08de0uthRk5AG",
    "objectName" : "WIP - Staging Bucket DWP Informatica Demo Task",
    "objectType" : "TASKFLOW",
    "path" : "/Explore/DWP-Demo/Staging S3 Demo setup",
    "providerName" : null,
    "metadata" : {
      "modelVersion" : {
        "major" : 1,
        "minor" : 0
      },
      "repoInfo" : {
        "repoHandle" : "Jlv58pIO3M4WwOC-gt-414725-2025-03-25T17:39:19.567Z::tf.xml"
      },
      "objectRefs" : [ "82G7Uf1iuM4hBCkG5mqeGB", "aUgijDQgZDfiben6DlpK4u", "aHiF0kRb6bilzNefuCZV0j", "dqnoPNcEOoyjPyhXmqUeeV", "1o4RclRZTFxivcGRSDodQl", "c5BJszSXfKnl74up4ZmQSf" ],
      "contextAttributes" : null,
      "additionalInfo" : {
        "description" : "",
        "contentType" : "application/json; charset=utf-8",
        "documentState" : "VALID"
      }
    }
  }, {
    "objectGuid" : "1Q2mUsy2myriRzVLPeQ2oJ",
    "objectName" : "Staging Date validation mapping",
    "objectType" : "DTEMPLATE",
    "path" : "/Explore/DWP-Demo/Staging S3 Demo setup",
    "providerName" : null,
    "metadata" : {
      "modelVersion" : {
        "major" : 0,
        "minor" : 0
      },
      "repoInfo" : {
        "repoHandle" : "010VBZ1700000000000F"
      },
      "objectRefs" : [ "24lxBLEXutYcdNP7dRP2AQ", "hhGxUTb40yphLMtHk97NuS", "25yZaosPtpPfbyV2SSY7YZ" ],
      "contextAttributes" : [ {
        "name" : "id",
        "value" : "@1"
      } ],
      "additionalInfo" : {
        "description" : "Validates datetime fields in source flat file, converts string to datetime, and loads valid records into Salesforce. Routes invalid records to a dynamically created target.  NULL values are considered valid",
        "contentType" : "JSON",
        "documentState" : "VALID"
      }
    }
  }, {
    "objectGuid" : "64E710y0kXGhfI6PiSzy4Z",
    "objectName" : "SQS Testing",
    "objectType" : "Folder",
    "path" : "/Explore/DWP-Demo",
    "providerName" : null,
    "metadata" : {
      "modelVersion" : {
        "major" : 0,
        "minor" : 0
      },
      "repoInfo" : null,
      "objectRefs" : [ ],
      "contextAttributes" : [ ],
      "additionalInfo" : {
        "description" : "Folder for SQS related testing ",
        "contentType" : "Binary",
        "documentState" : "COMPLETE"
      }
    }
  }, {
    "objectGuid" : "8BGMa3BvLUxgsE7tqGTo20",
    "objectName" : "ip-10-1-31-27.eu-west-2.compute.internal",
    "objectType" : "AgentGroup",
    "path" : "/SYS",
    "providerName" : null,
    "metadata" : {
      "modelVersion" : {
        "major" : 0,
        "minor" : 0
      },
      "repoInfo" : {
        "repoHandle" : "010VBZ250000000000D4"
      },
      "objectRefs" : [ ],
      "contextAttributes" : [ {
        "name" : "id",
        "value" : "@1"
      } ],
      "additionalInfo" : {
        "description" : null,
        "contentType" : "JSON",
        "documentState" : "VALID"
      }
    }
  }, {
    "objectGuid" : "3KJyxhoqjcWjXwb4ZMreq1",
    "objectName" : "Removed Write Staging Bucket DWP Informatica Demo Task",
    "objectType" : "TASKFLOW",
    "path" : "/Explore/DWP-Demo/Staging S3 Demo setup",
    "providerName" : null,
    "metadata" : {
      "modelVersion" : {
        "major" : 1,
        "minor" : 0
      },
      "repoInfo" : {
        "repoHandle" : "8rPG9VtsDaaabdv-gt-216127-2025-03-20T10:58:06.96Z::tf.xml"
      },
      "objectRefs" : [ "4h71OrvuBxuebH80nFhtkl", "aHiF0kRb6bilzNefuCZV0j", "c5BJszSXfKnl74up4ZmQSf" ],
      "contextAttributes" : null,
      "additionalInfo" : {
        "description" : "",
        "contentType" : "application/json; charset=utf-8",
        "documentState" : "VALID"
      }
    }
  }, {
    "objectGuid" : "5WwhtzBG6wveSTGgtYAfak",
    "objectName" : "AthenaConn",
    "objectType" : "Connection",
    "path" : "/SYS",
    "providerName" : null,
    "metadata" : {
      "modelVersion" : {
        "major" : 0,
        "minor" : 0
      },
      "repoInfo" : {
        "repoHandle" : "010VBZ0B00000000000B"
      },
      "objectRefs" : [ "8BGMa3BvLUxgsE7tqGTo20" ],
      "contextAttributes" : [ {
        "name" : "id",
        "value" : "@1"
      } ],
      "additionalInfo" : {
        "description" : null,
        "contentType" : "JSON",
        "documentState" : "COMPLETE"
      }
    }
  }, {
    "objectGuid" : "8ID3QCUzngGjLO1NnxZdEu",
    "objectName" : "Staging Bucket DWP Informatica Demo Task",
    "objectType" : "TASKFLOW",
    "path" : "/Explore/DWP-Demo/Staging S3 Demo setup",
    "providerName" : null,
    "metadata" : {
      "modelVersion" : {
        "major" : 1,
        "minor" : 0
      },
      "repoInfo" : {
        "repoHandle" : "dtlI20hELlBWlD2-gt-171203-2025-03-19T16:52:45.056Z::tf.xml"
      },
      "objectRefs" : [ "82G7Uf1iuM4hBCkG5mqeGB", "4h71OrvuBxuebH80nFhtkl", "0tCpFQ4uMOZlk83cLrpuS1", "aHiF0kRb6bilzNefuCZV0j", "c5BJszSXfKnl74up4ZmQSf" ],
      "contextAttributes" : null,
      "additionalInfo" : {
        "description" : "",
        "contentType" : "application/json; charset=utf-8",
        "documentState" : "VALID"
      }
    }
  } ]
}