{
  "name" : "Staging Bucket DWP Informatica Demo Task-1760562938839",
  "sourceOrgId" : "aCIbdvS2Vh0gsFfAC6jT8D",
  "sourceOrgName" : "Partner_ACN_NA",
  "exportedObjects" : [ {
    "objectGuid" : "82G7Uf1iuM4hBCkG5mqeGB",
    "objectName" : "Athena to bronze",
    "objectType" : "DTT",
    "path" : "/Explore/DWP-Demo/Staging S3 Demo setup",
    "providerName" : null,
    "metadata" : {
      "modelVersion" : {
        "major" : 1,
        "minor" : 0
      },
      "repoInfo" : {
        "repoHandle" : "iSTl70Lq6uSkjUDuLSAaK7"
      },
      "objectRefs" : [ ],
      "contextAttributes" : null,
      "additionalInfo" : {
        "description" : "writing from crawled data in athena to bronze bucket",
        "contentType" : "application/json; charset=utf-8",
        "documentState" : "VALID"
      }
    }
  }, {
    "objectGuid" : "4h71OrvuBxuebH80nFhtkl",
    "objectName" : "Staging Date validation task",
    "objectType" : "MTT",
    "path" : "/Explore/DWP-Demo/Staging S3 Demo setup",
    "providerName" : null,
    "metadata" : {
      "modelVersion" : {
        "major" : 0,
        "minor" : 0
      },
      "repoInfo" : {
        "repoHandle" : "010VBZ0Z00000000000D"
      },
      "objectRefs" : [ ],
      "contextAttributes" : null,
      "additionalInfo" : {
        "description" : "Task for Date validation mapping",
        "contentType" : "JSON",
        "documentState" : "INVALID"
      }
    }
  }, {
    "objectGuid" : "0tCpFQ4uMOZlk83cLrpuS1",
    "objectName" : "Silver to redshift task",
    "objectType" : "MTT",
    "path" : "/Explore/DWP-Demo/Staging S3 Demo setup",
    "providerName" : null,
    "metadata" : {
      "modelVersion" : {
        "major" : 0,
        "minor" : 0
      },
      "repoInfo" : {
        "repoHandle" : "010VBZ0Z00000000000H"
      },
      "objectRefs" : [ ],
      "contextAttributes" : null,
      "additionalInfo" : {
        "description" : "Moving data from silver s3 bucket to redshift ",
        "contentType" : "JSON",
        "documentState" : "VALID"
      }
    }
  }, {
    "objectGuid" : "aHiF0kRb6bilzNefuCZV0j",
    "objectName" : "Staging Null Removal Task",
    "objectType" : "MTT",
    "path" : "/Explore/DWP-Demo/Staging S3 Demo setup",
    "providerName" : null,
    "metadata" : {
      "modelVersion" : {
        "major" : 0,
        "minor" : 0
      },
      "repoInfo" : {
        "repoHandle" : "010VBZ0Z00000000000E"
      },
      "objectRefs" : [ ],
      "contextAttributes" : null,
      "additionalInfo" : {
        "description" : "Task for the null removal mapping ",
        "contentType" : "JSON",
        "documentState" : "VALID"
      }
    }
  }, {
    "objectGuid" : "64E710y0kXGhfI6PiSzy4Z",
    "objectName" : "SQS Testing",
    "objectType" : "Folder",
    "path" : "/Explore/DWP-Demo",
    "providerName" : null,
    "metadata" : {
      "modelVersion" : {
        "major" : 0,
        "minor" : 0
      },
      "repoInfo" : null,
      "objectRefs" : [ ],
      "contextAttributes" : null,
      "additionalInfo" : {
        "description" : "Folder for SQS related testing ",
        "contentType" : "Binary",
        "documentState" : "COMPLETE"
      }
    }
  }, {
    "objectGuid" : "3IUhWDZNfNhbZHnWuwNvwF",
    "objectName" : "Staging S3 Demo setup",
    "objectType" : "Folder",
    "path" : "/Explore/DWP-Demo",
    "providerName" : null,
    "metadata" : {
      "modelVersion" : {
        "major" : 0,
        "minor" : 0
      },
      "repoInfo" : null,
      "objectRefs" : [ ],
      "contextAttributes" : [ ],
      "additionalInfo" : {
        "description" : "",
        "contentType" : "Binary",
        "documentState" : "COMPLETE"
      }
    }
  }, {
    "objectGuid" : "c5BJszSXfKnl74up4ZmQSf",
    "objectName" : "SNSPublishProcess",
    "objectType" : "PROCESS",
    "path" : "/Explore/DWP-Demo/SQS Testing",
    "providerName" : null,
    "metadata" : {
      "modelVersion" : {
        "major" : 1,
        "minor" : 0
      },
      "repoInfo" : {
        "repoHandle" : "Rv1XQeK8ZAZf5kc-gt-15759-2025-03-10T15:34:20.695Z::pd.xml"
      },
      "objectRefs" : [ ],
      "contextAttributes" : null,
      "additionalInfo" : {
        "description" : "",
        "contentType" : "application/json; charset=utf-8",
        "documentState" : "VALID"
      }
    }
  }, {
    "objectGuid" : "8zcE7Sr8HQDlQd2foh5dSe",
    "objectName" : "DWP-Demo",
    "objectType" : "Project",
    "path" : "/Explore",
    "providerName" : null,
    "metadata" : {
      "modelVersion" : {
        "major" : 0,
        "minor" : 0
      },
      "repoInfo" : null,
      "objectRefs" : [ ],
      "contextAttributes" : [ ],
      "additionalInfo" : {
        "description" : "Project folder for Informatica Demo",
        "contentType" : "Binary",
        "documentState" : "COMPLETE"
      }
    }
  }, {
    "objectGuid" : "8ID3QCUzngGjLO1NnxZdEu",
    "objectName" : "Staging Bucket DWP Informatica Demo Task",
    "objectType" : "TASKFLOW",
    "path" : "/Explore/DWP-Demo/Staging S3 Demo setup",
    "providerName" : null,
    "metadata" : {
      "modelVersion" : {
        "major" : 1,
        "minor" : 0
      },
      "repoInfo" : {
        "repoHandle" : "dtlI20hELlBWlD2-gt-171203-2025-03-19T16:52:45.056Z::tf.xml"
      },
      "objectRefs" : [ "82G7Uf1iuM4hBCkG5mqeGB", "4h71OrvuBxuebH80nFhtkl", "0tCpFQ4uMOZlk83cLrpuS1", "aHiF0kRb6bilzNefuCZV0j", "c5BJszSXfKnl74up4ZmQSf" ],
      "contextAttributes" : null,
      "additionalInfo" : {
        "description" : "",
        "contentType" : "application/json; charset=utf-8",
        "documentState" : "VALID"
      }
    }
  } ]
}